"","Peel","Toronto","York"
"...1",0.693189218954447,0.819765007254952,0.484455933112676
"...2",0.747322396862403,0.780618325653684,0.513648521834426
"...3",0.718697214228238,0.801846381012448,0.552021266769919
"...4",0.69508896911087,0.798680596132772,0.609393399257064
"...5",0.789054983278406,0.787171091893577,0.690160001374287
"total_pop",0.724492,0.7962522,0.5405965
"immig",0.7543681,0.8034421,0.5309101
"immig_not",0.7221015,0.7956951,0.5410505
"vm",0.7069201,0.7994436,0.5100871
"vm_not",0.7558031,0.7922321,0.5744438
"spf",0.7432221,0.8082485,0.5666732
"spf_not",0.7201976,0.7931124,0.5361457
"mbm",0.7373879,0.7841673,0.570221
"mbm_not",0.7231224,0.7980043,0.5379673
"lim",0.7234198,0.7905296,0.5441932
"lim_not",0.7247386,0.7977818,0.5399156
"pop_wkp",0.7313826,0.8014348,0.5556133
"pop_wkp_not",0.7239673,0.7957566,0.5393587
"pop_stw",0.7061188,0.7967676,0.5503821
"pop_stw_not",0.7266448,0.7961943,0.5395135
"pop_neet",0.7309767,0.8046769,0.5648034
"pop_neet_not",0.7232992,0.7946631,0.5371891
"pop_ufh",0.7330492,0.7878316,0.5251753
"pop_ufh_not",0.7214969,0.7996339,0.5494668
"pop_chn",0.7204663,0.8012008,0.5636631
"pop_chn_not",0.7258278,0.7942581,0.5332463
